threads,parall1,parall2
2,3.947089585,4.520112435
4,2.439386432,2.965838115
8,2.294140352,2.697487545
16,2.405290496,2.692021774
32,2.376067741,2.876883444
